{"cameraMode":{"drawMode":0,"name":"Shaded","section":"Shading Mode"},"sceneLighting":false,"audioPlay":false,"sceneViewState":{"m_AlwaysRefresh":false,"showFog":true,"showSkybox":true,"showFlares":true,"showImageEffects":true,"showParticleSystems":true,"showVisualEffectGraphs":true,"m_FxEnabled":true},"in2DMode":false,"pivot":{"x":49.79849624633789,"y":3.6322596073150636,"z":-0.15144139528274537},"rotation":{"x":0.6744900345802307,"y":-0.02987322397530079,"z":0.02733391523361206,"w":0.7372068166732788},"size":0.8660253882408142,"orthographic":false}